Type,Description,PDB ID,Chain,First Residue,Last Residue,Repeat Residues,Centroid Number,Pitch (Å),Pitch Uncertainty (Å),Radius (Å),Radius Uncertainty (Å),Rise (Å),Rise Uncertainty (Å),Twist (degrees),Twist Uncertainty (degrees),Handedness,Cylinder RMSD,Helix RMSD,Omega (radians),Omega Uncertainty (radians),Alpha (Å),Alpha Uncertainty (Å),Superhelix Handedness,Superhelix RMSD
Elongated,alphabeta solenoid,1a4y,A,2,455,27,16,18.301,0.098,23.377,1.631,0.858,0.069,16.884,0.000,right,0.442,0.543,-0.136,0.098,11.629,1.631,left,3.995
Elongated,alphabeta solenoid,1a4y,D,2,455,27,16,17.363,0.097,23.393,1.624,0.815,0.130,16.889,0.051,right,0.422,0.519,-0.131,0.097,11.663,1.624,left,3.978
Elongated,alphabeta solenoid,1a9n,C,30,151,23,5,20.788,0.071,24.136,0.380,0.917,0.163,15.878,0.002,left,0.560,0.640,0.008,0.071,11.940,0.380,right,0.932
Elongated,alphabeta solenoid,1d0b,A,78,230,20,7,53.977,0.091,24.608,0.483,1.863,0.027,12.422,0.000,left,0.130,0.187,0.389,0.091,11.446,0.483,right,1.183
Elongated,alphabeta solenoid,1dfj,I,1,450,27,16,20.179,0.064,23.951,1.066,0.934,0.235,16.666,0.008,right,0.444,0.960,-0.197,0.064,12.638,1.066,left,2.612
Elongated,alphabeta solenoid,1fqv,A,149,397,23,10,65.177,0.131,19.529,1.201,2.842,0.188,15.699,0.010,right,0.608,0.981,-0.379,0.131,11.369,1.201,left,2.943
Elongated,alphabeta solenoid,1fqv,C,149,397,23,10,66.533,0.132,19.212,1.216,2.925,0.207,15.825,0.119,right,0.615,1.003,-0.394,0.132,11.316,1.216,left,2.979
Elongated,alphabeta solenoid,1fqv,E,149,397,23,10,67.333,0.131,19.073,1.208,2.975,0.217,15.904,0.024,right,0.614,1.012,-0.397,0.131,11.323,1.208,left,2.959
Elongated,alphabeta solenoid,1fqv,G,149,397,23,10,66.585,0.129,19.059,1.201,2.952,0.208,15.960,0.004,right,0.610,1.005,-0.390,0.129,11.312,1.201,left,2.941
Elongated,alphabeta solenoid,1fqv,I,149,397,23,10,65.428,0.130,19.573,1.185,2.844,0.165,15.647,0.001,right,0.611,0.989,-0.375,0.130,11.386,1.185,left,2.904
Elongated,alphabeta solenoid,1fqv,K,149,397,23,10,65.224,0.134,19.541,1.218,2.841,0.212,15.681,0.003,right,0.612,0.989,-0.383,0.134,11.319,1.218,left,2.983
Elongated,alphabeta solenoid,1fqv,M,149,397,23,10,65.315,0.131,19.448,1.200,2.861,0.178,15.766,0.003,right,0.602,0.990,-0.378,0.131,11.326,1.200,left,2.939
Elongated,alphabeta solenoid,1fqv,O,149,397,23,10,65.950,0.131,19.242,1.207,2.903,0.205,15.847,0.000,right,0.595,0.987,-0.382,0.131,11.318,1.207,left,2.957
Elongated,alphabeta solenoid,1gwb,A,30,242,22,9,26.736,0.076,27.456,0.448,0.913,0.172,12.300,0.002,right,0.510,0.720,-0.021,0.076,9.684,0.448,left,1.097
Elongated,alphabeta solenoid,1gwb,B,30,242,22,9,37.686,0.076,26.833,0.445,1.305,0.142,12.469,0.006,right,0.549,0.709,-0.098,0.076,9.570,0.445,left,1.090
Elongated,alphabeta solenoid,1h6t,A,77,230,21,7,29.541,0.040,25.719,0.231,1.065,0.032,12.976,0.008,left,0.100,0.157,0.343,0.040,12.098,0.231,right,0.567
Elongated,alphabeta solenoid,1h6u,A,77,255,21,8,44.549,0.032,24.824,0.220,1.612,0.055,13.030,0.012,right,0.195,0.256,0.025,0.032,12.093,0.220,right,0.539
Elongated,alphabeta solenoid,1io0,A,196,344,28,5,49.657,0.120,5.671,1.590,6.116,0.061,44.342,0.002,left,0.369,0.387,0.328,0.120,12.718,1.590,right,3.894
Elongated,alphabeta solenoid,1jl5,A,1072,1378,19,16,29.290,0.039,25.570,0.453,0.958,0.181,11.771,0.008,right,0.336,0.693,0.166,0.039,12.120,0.453,right,1.109
Elongated,alphabeta solenoid,1k5d,C,2,333,29,11,23.780,0.087,24.749,1.060,1.104,0.348,16.713,0.056,right,0.640,1.408,-0.142,0.087,13.602,1.060,left,2.596
Elongated,alphabeta solenoid,1k5d,F,2,333,29,11,23.763,0.088,24.741,1.041,1.104,0.323,16.720,0.005,right,0.641,1.409,-0.123,0.088,13.303,1.041,left,2.549
Elongated,alphabeta solenoid,1k5d,I,2,333,29,11,23.866,0.088,24.753,1.042,1.108,0.312,16.712,0.004,right,0.640,1.408,-0.123,0.088,13.302,1.042,left,2.553
Elongated,alphabeta solenoid,1k5d,L,2,333,29,11,23.930,0.087,24.715,1.039,1.113,0.343,16.738,0.060,right,0.642,1.409,-0.124,0.087,13.302,1.039,left,2.546
Elongated,alphabeta solenoid,1k5g,C,2,333,29,11,24.079,0.090,24.393,1.061,1.118,0.330,16.721,0.067,right,0.645,1.421,-0.128,0.090,13.146,1.061,left,2.599
Elongated,alphabeta solenoid,1k5g,F,2,333,29,11,24.146,0.090,24.396,1.058,1.122,0.324,16.723,0.005,right,0.645,1.420,-0.128,0.090,13.147,1.058,left,2.593
Elongated,alphabeta solenoid,1k5g,I,2,333,29,11,24.070,0.090,24.414,1.059,1.117,0.315,16.711,0.004,right,0.644,1.420,-0.128,0.090,13.140,1.059,left,2.594
Elongated,alphabeta solenoid,1k5g,L,2,333,29,11,24.235,0.090,24.377,1.057,1.127,0.359,16.734,0.076,right,0.645,1.421,-0.129,0.090,13.147,1.057,left,2.590
Elongated,alphabeta solenoid,1m0z,A,12,195,22,8,1.192,0.199,27.635,0.962,0.042,0.055,12.712,0.000,right,0.428,0.461,-0.019,0.199,9.719,0.962,left,2.355
Elongated,alphabeta solenoid,1m0z,B,12,195,22,8,48.172,0.139,22.243,1.091,1.988,0.222,14.853,0.000,left,0.408,0.444,0.139,0.139,12.335,1.091,right,2.673
Elongated,alphabeta solenoid,1m10,B,11,226,23,9,82.817,0.201,10.323,2.526,5.024,0.240,21.838,0.028,right,0.412,1.120,-0.916,0.201,10.903,2.526,left,5.591
Elongated,alphabeta solenoid,1m9l,A,37,150,21,5,34.021,0.063,0.960,1.006,6.494,0.151,68.715,0.048,right,0.800,0.885,-0.575,0.063,9.864,1.006,left,2.465
Elongated,alphabeta solenoid,1m9s,A,78,231,21,7,24.483,0.084,26.015,0.457,0.891,0.063,13.105,0.000,left,0.109,0.195,0.295,0.084,11.788,0.457,right,1.119
Elongated,alphabeta solenoid,1o6s,A,79,406,20,16,45.704,0.071,24.322,0.835,1.625,0.096,12.800,0.033,right,0.314,0.486,0.010,0.071,11.535,0.835,right,2.045
Elongated,alphabeta solenoid,1o6t,A,79,406,20,16,37.883,0.040,24.176,0.498,1.367,0.109,12.989,0.002,right,0.379,0.477,0.097,0.040,11.840,0.498,right,1.219
Elongated,alphabeta solenoid,1o6v,A,78,405,20,16,40.272,0.061,24.553,0.616,1.431,0.116,12.793,0.038,right,0.342,0.492,0.063,0.061,9.571,0.616,right,1.508
Elongated,alphabeta solenoid,1o6v,B,78,405,20,16,37.528,0.045,24.672,0.546,1.328,0.086,12.738,0.001,right,0.285,0.388,0.071,0.045,11.627,0.546,right,1.337
Elongated,alphabeta solenoid,1ogq,A,62,277,23,9,26.073,0.103,27.562,0.661,0.902,0.000,12.460,0.000,left,0.328,0.413,0.279,0.103,11.256,0.661,right,1.619
Elongated,alphabeta solenoid,1ook,G,11,225,22,9,39.813,0.104,26.046,0.864,1.426,0.127,12.890,0.007,right,0.452,0.679,-0.172,0.104,12.755,0.864,left,2.115
Elongated,alphabeta solenoid,1otm,A,89,242,21,7,35.858,0.073,24.255,0.389,1.420,0.000,14.252,0.000,left,0.135,0.225,0.508,0.073,9.947,0.389,right,0.952
Elongated,alphabeta solenoid,1otn,A,89,242,21,7,37.330,0.075,24.038,0.395,1.483,0.000,14.304,0.000,left,0.120,0.215,0.517,0.075,9.930,0.395,right,0.968
Elongated,alphabeta solenoid,1oto,A,89,242,21,7,33.719,0.056,24.217,0.290,1.334,0.274,14.243,0.002,left,0.116,0.217,0.447,0.056,10.135,0.290,right,0.711
Elongated,alphabeta solenoid,1ozn,A,37,279,23,10,94.063,0.146,25.875,1.139,2.884,0.129,11.039,0.011,right,0.556,0.753,-0.464,0.146,12.916,1.139,left,2.789
Elongated,alphabeta solenoid,1p8t,A,33,279,23,10,75.951,0.221,25.494,1.175,2.473,0.162,11.724,0.004,right,0.747,0.794,-0.252,0.221,9.698,1.175,left,2.878
Elongated,alphabeta solenoid,1p8v,A,12,229,23,9,78.973,0.136,23.454,0.891,2.968,0.169,13.530,0.014,right,0.466,0.958,-0.224,0.136,10.369,0.891,left,2.183
Elongated,alphabeta solenoid,1pgv,A,223,362,27,5,58.588,0.167,4.300,1.392,6.445,0.170,39.603,0.008,right,0.471,0.651,-0.514,0.167,10.453,1.392,left,3.409
Elongated,alphabeta solenoid,1qyy,A,13,228,23,9,36.757,0.156,16.276,1.379,2.285,0.491,22.375,0.008,right,1.918,1.981,-0.092,0.156,8.415,1.379,left,3.379
Elongated,alphabeta solenoid,1qyy,G,13,228,23,9,35.202,0.136,16.490,1.181,2.172,0.403,22.209,0.079,right,1.934,1.995,-0.171,0.136,8.497,1.181,left,2.892
Elongated,alphabeta solenoid,1sq0,B,3,251,23,10,36.999,0.333,16.362,2.129,2.332,0.327,22.688,0.008,right,1.919,1.973,-0.038,0.333,7.175,2.129,left,5.215
Elongated,alphabeta solenoid,1u0n,D,12,223,22,9,35.602,0.147,26.852,0.925,1.212,0.143,12.256,0.012,right,0.498,0.633,0.003,0.147,10.153,0.925,right,2.266
Elongated,alphabeta solenoid,1w8a,A,553,697,23,6,55.568,0.100,10.717,0.748,4.418,0.145,28.622,0.005,right,0.649,0.670,-0.342,0.100,9.031,0.748,left,1.833
Elongated,alphabeta solenoid,1xcd,A,33,316,22,12,66.037,0.148,33.779,1.127,1.719,0.353,9.370,0.000,left,0.767,1.334,0.109,0.148,11.934,1.127,right,2.761
Elongated,alphabeta solenoid,1xec,A,33,316,22,12,66.153,0.145,32.970,1.133,1.769,0.059,9.627,0.000,left,0.774,1.335,0.119,0.145,11.978,1.133,right,2.776
Elongated,alphabeta solenoid,1xec,B,33,316,22,12,64.502,0.143,32.895,1.119,1.732,0.209,9.668,0.030,left,0.769,1.327,0.118,0.143,11.932,1.119,right,2.741
Elongated,alphabeta solenoid,1xeu,A,65,216,20,7,56.463,0.113,29.802,0.483,1.818,0.000,11.591,0.035,right,0.317,0.474,0.057,0.113,9.825,0.483,right,1.183
Elongated,alphabeta solenoid,1xku,A,34,320,22,13,27.114,0.126,35.591,0.884,0.677,0.373,8.985,0.018,right,1.067,2.149,-0.231,0.126,12.072,0.884,left,2.166
Elongated,alphabeta solenoid,1xwd,C,27,241,22,9,29.049,0.251,-0.684,4.646,4.901,0.484,60.737,0.005,left,2.792,2.812,-0.092,0.251,4.320,4.646,left,11.381
Elongated,alphabeta solenoid,1z7x,W,2,455,27,16,18.730,0.095,23.282,1.752,0.877,0.117,16.862,0.045,right,0.424,0.562,-0.118,0.095,13.136,1.752,left,4.292
Elongated,alphabeta solenoid,1z7x,Y,2,455,27,16,17.728,0.095,23.268,1.751,0.832,0.152,16.893,0.005,right,0.528,0.630,-0.116,0.095,13.158,1.751,left,4.288
Elongated,alphabeta solenoid,1ziw,A,34,658,24,26,8.350,0.122,32.617,0.000,0.246,0.592,10.617,0.008,right,1.932,2.432,-0.032,0.122,3.592,0.000,left,9.156
Elongated,alphabeta solenoid,2a0z,A,34,665,24,26,6.166,0.096,34.212,1.356,0.176,0.740,10.252,0.009,right,2.075,3.017,0.067,0.096,10.446,1.356,right,3.322
Elongated,alphabeta solenoid,2bex,A,6,455,27,16,17.102,0.022,22.895,0.310,0.815,0.167,17.164,0.006,right,0.442,0.632,0.008,0.022,9.871,0.310,right,0.759
Elongated,alphabeta solenoid,2bex,B,6,455,27,16,21.918,0.022,23.873,0.286,0.990,0.176,16.264,0.017,right,0.379,0.628,0.016,0.022,9.929,0.286,right,0.701
Elongated,alphabeta solenoid,2bnh,A,1,451,27,16,9.041,0.032,23.643,0.446,0.423,0.130,16.826,0.007,right,0.314,0.519,0.048,0.032,10.101,0.446,right,1.091
Elongated,alphabeta solenoid,2ca6,A,2,335,29,11,5.909,0.063,25.781,0.588,0.253,0.467,15.412,0.017,right,0.402,1.877,0.207,0.063,11.000,0.588,right,1.440
Elongated,alphabeta solenoid,2ca6,B,2,335,29,11,4.977,0.067,25.669,0.625,0.214,0.491,15.456,0.005,right,0.518,1.920,0.228,0.067,11.001,0.625,right,1.530
Elongated,alphabeta solenoid,2ft3,A,37,321,22,12,81.881,0.081,22.198,0.629,2.989,0.226,13.142,0.001,left,0.678,1.544,0.702,0.081,9.451,0.629,right,1.541
Elongated,alphabeta solenoid,2ft3,B,37,321,22,12,82.881,0.057,22.021,0.455,3.061,0.572,13.294,0.001,left,0.687,1.551,0.655,0.057,9.461,0.455,right,1.115
Elongated,alphabeta solenoid,2ft3,C,37,321,22,12,82.129,0.082,22.323,0.637,3.004,0.225,13.169,0.000,left,0.685,1.533,0.706,0.082,9.433,0.637,right,1.561
Elongated,alphabeta solenoid,2ft3,D,37,321,22,12,82.121,0.081,22.116,0.633,3.006,0.307,13.176,0.001,left,0.691,1.552,0.704,0.081,9.411,0.633,right,1.550
Elongated,alphabeta solenoid,2ft3,E,37,321,22,12,81.340,0.058,22.809,0.455,2.914,0.000,12.895,0.001,left,0.691,1.560,0.642,0.058,9.479,0.455,right,1.115
Elongated,alphabeta solenoid,2ft3,F,37,321,22,12,82.005,0.081,22.059,0.633,3.009,0.000,13.208,0.000,left,0.690,1.545,0.707,0.081,9.400,0.633,right,1.550
Elongated,alphabeta solenoid,2id5,A,15,348,22,15,19.257,0.053,28.063,0.463,0.642,0.172,12.006,0.002,right,0.555,0.745,-0.084,0.053,9.787,0.463,left,1.134
Elongated,alphabeta solenoid,2id5,B,14,346,22,15,13.179,0.059,27.760,0.534,0.447,0.179,12.207,0.004,right,0.521,0.706,-0.026,0.059,9.868,0.534,left,1.307
Elongated,alphabeta solenoid,2id5,C,15,348,22,15,25.396,0.071,28.995,0.601,0.813,0.172,11.517,0.001,right,0.556,0.713,-0.086,0.071,9.907,0.601,left,1.471
Elongated,alphabeta solenoid,2id5,D,15,349,22,15,14.569,0.203,27.697,1.293,0.498,0.000,12.317,0.000,right,1.012,1.411,0.223,0.203,6.663,1.293,right,3.131
Elongated,alphabeta solenoid,2ifg,A,47,169,23,5,27.708,0.094,1.695,1.776,6.782,0.067,88.112,0.002,right,0.369,0.377,-0.449,0.094,9.289,1.776,left,4.350
Elongated,alphabeta solenoid,2ifg,B,47,169,23,5,28.163,0.095,1.783,1.789,6.731,0.112,86.044,0.011,right,0.362,0.382,-0.449,0.095,9.272,1.789,left,4.382
Elongated,alphabeta solenoid,2je0,A,21,143,23,5,43.183,0.117,3.878,1.061,5.966,0.120,49.737,0.000,left,0.254,0.555,0.425,0.117,9.443,1.061,right,2.598
Elongated,alphabeta solenoid,2je0,B,21,143,23,5,42.911,0.117,3.832,1.054,5.976,0.127,50.135,0.005,left,0.253,0.555,0.428,0.117,9.424,1.054,right,2.583
Elongated,alphabeta solenoid,2je0,C,21,142,23,5,43.281,0.115,3.893,1.029,5.958,0.112,49.555,0.002,left,0.256,0.562,0.429,0.115,9.470,1.029,right,2.521
Elongated,alphabeta solenoid,2je0,D,21,143,23,5,43.289,0.116,3.887,1.043,5.965,0.133,49.607,0.001,left,0.257,0.559,0.426,0.116,9.451,1.043,right,2.555
Elongated,alphabeta solenoid,2je0,E,21,143,23,5,43.215,0.116,3.878,1.043,5.963,0.000,49.671,0.005,left,0.257,0.558,0.427,0.116,9.458,1.043,right,2.554
Elongated,alphabeta solenoid,2je0,F,21,142,23,5,43.180,0.116,3.871,1.049,5.962,0.122,49.708,0.003,left,0.258,0.560,0.427,0.116,9.445,1.049,right,2.570
Elongated,alphabeta solenoid,2je1,A,21,143,23,5,44.170,0.118,4.099,1.033,5.941,0.125,48.417,0.000,left,0.265,0.527,0.424,0.118,9.522,1.033,right,2.531
Elongated,alphabeta solenoid,2je1,B,21,143,23,5,44.013,0.119,4.092,1.053,5.941,0.000,48.594,0.000,left,0.259,0.527,0.424,0.119,9.518,1.053,right,2.578
Elongated,alphabeta solenoid,2je1,C,21,143,23,5,44.298,0.117,4.121,1.022,5.940,0.000,48.272,0.002,left,0.263,0.526,0.426,0.117,9.533,1.022,right,2.503
Elongated,alphabeta solenoid,2je1,D,21,143,23,5,44.045,0.118,4.089,1.045,5.944,0.114,48.581,0.002,left,0.260,0.526,0.424,0.118,9.521,1.045,right,2.560
Elongated,alphabeta solenoid,2jqd,A,21,143,23,5,50.034,0.092,13.302,0.485,3.522,0.000,25.344,0.000,left,0.594,0.844,0.217,0.092,9.820,0.485,right,1.189
Elongated,alphabeta solenoid,2o6q,A,42,260,23,9,93.069,0.056,17.555,0.384,3.918,0.083,15.155,0.027,right,0.502,0.779,-0.309,0.056,9.962,0.384,left,0.941
Elongated,alphabeta solenoid,2o6r,A,37,150,21,5,49.850,0.790,7.383,6.039,4.300,0.062,31.051,0.008,left,0.412,0.426,-0.113,0.790,6.625,6.039,left,7.419
Elongated,alphabeta solenoid,2o6s,A,34,203,23,7,66.186,0.055,6.549,0.544,5.425,0.170,29.508,0.016,right,0.518,0.833,-0.473,0.055,9.854,0.544,left,1.331
Elongated,alphabeta solenoid,2o6s,B,34,203,23,7,72.060,0.083,20.569,0.431,3.041,0.225,15.198,0.005,right,0.504,1.018,-0.057,0.083,10.101,0.431,left,1.056
Elongated,alphabeta solenoid,2omt,A,80,408,20,16,48.949,0.069,24.029,0.761,1.745,0.133,12.830,0.001,right,0.321,0.510,0.055,0.069,10.232,0.761,right,1.863
Elongated,alphabeta solenoid,2omu,A,80,408,20,16,44.981,0.045,24.375,0.510,1.601,0.146,12.812,0.035,right,0.386,0.565,0.057,0.045,10.678,0.510,right,1.249
Elongated,alphabeta solenoid,2omv,A,80,408,20,16,49.097,0.066,24.045,0.740,1.763,0.098,12.930,0.016,right,0.342,0.561,0.025,0.066,10.410,0.740,right,1.812
Elongated,alphabeta solenoid,2omw,A,80,407,20,16,49.396,0.064,23.946,0.705,1.779,0.134,12.967,0.001,right,0.372,0.555,0.074,0.064,10.360,0.705,right,1.728
Elongated,alphabeta solenoid,2omx,A,80,409,21,15,56.184,0.052,23.288,0.573,2.136,0.056,13.688,0.005,right,0.171,0.212,-0.072,0.052,10.298,0.573,left,1.402
Elongated,alphabeta solenoid,2omy,A,49,407,20,17,46.461,0.171,26.692,1.601,1.555,0.374,12.051,0.003,right,0.903,1.440,0.119,0.171,9.177,1.601,right,3.922
Elongated,alphabeta solenoid,2omz,A,79,407,20,16,43.756,0.042,24.625,0.470,1.545,0.122,12.707,0.000,right,0.303,0.468,0.067,0.042,10.712,0.470,right,1.150
Elongated,alphabeta solenoid,2q4g,W,2,455,27,16,19.026,0.085,23.287,1.273,0.889,0.065,16.816,0.045,right,0.417,0.567,0.065,0.085,10.361,1.273,right,3.118
Elongated,alphabeta solenoid,2q4g,Y,2,455,27,16,17.813,0.082,23.284,1.223,0.835,0.154,16.872,0.005,right,0.528,0.647,0.068,0.082,10.330,1.223,right,2.995
Elongated,alphabeta solenoid,2r9u,A,32,153,23,5,34.389,0.143,19.086,0.511,1.864,0.201,19.512,0.005,right,0.181,0.875,0.232,0.143,9.902,0.511,right,1.251
Elongated,alphabeta solenoid,2r9u,B,32,153,23,5,35.082,0.142,18.957,0.509,1.907,0.185,19.570,0.001,right,0.180,0.859,0.221,0.142,9.889,0.509,right,1.247
Elongated,alphabeta solenoid,2r9u,C,32,153,23,5,33.434,0.078,2.653,1.142,6.322,0.630,68.069,0.005,right,0.374,0.475,-0.437,0.078,9.005,1.142,left,2.798
Elongated,alphabeta solenoid,2r9u,D,32,153,23,5,31.328,0.232,-2.183,3.185,6.121,0.384,70.335,0.002,right,4.816,2.423,-2.111,0.232,6.550,3.185,left,7.801
Elongated,alphabeta solenoid,2uzx,A,80,234,21,7,34.957,0.048,24.525,0.227,1.351,0.103,13.909,0.000,left,0.077,0.208,0.379,0.048,9.339,0.227,right,0.556
Elongated,alphabeta solenoid,2uzx,C,80,233,21,7,34.944,0.048,24.524,0.227,1.350,0.039,13.909,0.000,left,0.077,0.208,0.379,0.048,9.339,0.227,right,0.557
Elongated,alphabeta solenoid,2uzy,A,80,231,20,7,3.013,0.064,27.357,0.271,0.099,0.035,11.773,0.000,left,0.068,0.187,0.302,0.064,9.190,0.271,right,0.663
Elongated,alphabeta solenoid,2uzy,C,80,231,20,7,2.977,0.064,27.356,0.271,0.097,0.031,11.773,0.000,left,0.068,0.187,0.301,0.064,9.190,0.271,right,0.663
Elongated,alphabeta solenoid,2v70,B,516,685,23,7,56.848,0.081,26.076,0.343,2.061,0.161,13.052,0.004,right,0.594,0.782,-0.172,0.081,9.619,0.343,left,0.840
Elongated,alphabeta solenoid,2v70,C,516,685,23,7,56.936,0.080,26.229,0.338,2.050,0.166,12.960,0.003,right,0.602,0.789,-0.166,0.080,9.627,0.338,left,0.828
Elongated,alphabeta solenoid,2v70,D,516,685,23,7,56.491,0.082,26.401,0.344,2.021,0.158,12.879,0.006,right,0.602,0.788,-0.160,0.082,9.636,0.344,left,0.842
Elongated,alphabeta solenoid,2v9s,A,283,450,23,7,131.589,0.156,5.348,0.573,6.152,0.000,16.830,0.000,right,2.389,2.867,-0.122,0.156,7.877,0.573,left,1.403
Elongated,alphabeta solenoid,2v9s,B,283,450,23,7,76.643,0.075,7.887,0.512,5.309,0.157,24.938,0.009,right,0.383,0.796,-0.349,0.075,8.450,0.512,left,1.254
Elongated,alphabeta solenoid,2v9s,C,283,450,23,7,77.411,0.072,7.712,0.491,5.300,0.153,24.649,0.002,right,0.372,0.869,-0.372,0.072,8.497,0.491,left,1.203
Elongated,alphabeta solenoid,2v9s,D,283,450,23,7,65.827,0.105,25.768,0.369,2.342,0.185,12.806,0.016,right,0.359,0.873,0.222,0.105,8.612,0.369,right,0.904
Elongated,alphabeta solenoid,2v9t,B,283,450,23,7,82.078,0.066,9.343,0.476,5.046,0.092,22.131,0.016,right,0.343,0.605,-0.415,0.066,9.569,0.476,left,1.166
Elongated,alphabeta solenoid,2wqu,A,56,232,21,8,57.666,0.902,45.688,2.003,1.290,0.184,8.053,0.006,right,0.716,1.113,-0.868,0.902,8.596,2.003,left,4.855
Elongated,alphabeta solenoid,2wqu,B,80,233,21,7,36.424,0.042,25.800,0.184,1.323,0.079,13.079,0.000,left,0.067,0.198,0.464,0.042,9.333,0.184,right,0.452
Elongated,alphabeta solenoid,2wqu,C,80,233,21,7,29.936,0.043,26.408,0.185,1.069,0.055,12.855,0.000,left,0.073,0.192,0.449,0.043,9.321,0.185,right,0.453
Elongated,alphabeta solenoid,2wqu,D,80,233,21,7,29.541,0.052,26.014,0.233,1.082,0.078,13.191,0.000,left,0.109,0.235,0.413,0.052,9.325,0.233,right,0.570
Elongated,alphabeta solenoid,2wqu,E,80,233,21,7,16.214,0.056,26.195,0.243,0.601,0.057,13.340,0.000,left,0.115,0.211,0.361,0.056,9.231,0.243,right,0.596
Elongated,alphabeta solenoid,2wqv,A,80,233,21,7,19.804,0.046,26.338,0.205,0.723,0.090,13.141,0.000,left,0.106,0.233,0.354,0.046,9.410,0.205,right,0.502
Elongated,alphabeta solenoid,2wqv,B,80,232,20,7,7.917,0.149,28.652,0.658,0.248,0.043,11.295,0.000,left,0.075,0.188,0.140,0.149,9.922,0.658,right,1.613
Elongated,alphabeta solenoid,2wqw,A,80,233,21,7,29.583,0.045,25.188,0.204,1.113,0.132,13.549,0.000,left,0.120,0.258,0.393,0.045,9.298,0.204,right,0.499
Elongated,alphabeta solenoid,2wqw,B,80,233,21,7,29.753,0.045,25.140,0.208,1.122,0.128,13.570,0.000,left,0.118,0.258,0.392,0.045,9.300,0.208,right,0.509
Elongated,alphabeta solenoid,2wqx,A,80,233,21,7,8.708,0.054,25.741,0.242,0.324,0.031,13.378,0.020,left,0.076,0.161,0.368,0.054,9.246,0.242,right,0.593
Elongated,alphabeta solenoid,2wqx,B,80,233,21,7,7.137,0.056,26.003,0.250,0.263,0.037,13.254,0.013,right,0.075,0.160,0.290,0.056,9.267,0.250,right,0.611
Elongated,alphabeta solenoid,2xwt,C,34,248,22,9,32.838,0.000,17.982,0.000,4.128,0.329,15.646,0.084,left,6.619,2.334,6.283,0.000,0.000,0.000,right,10.911
Elongated,alphabeta solenoid,2y5q,A,80,233,21,7,15.797,0.049,24.956,0.234,0.612,0.095,13.951,0.000,left,0.079,0.170,0.327,0.049,9.321,0.234,right,0.573
Elongated,alphabeta solenoid,2z62,A,37,282,23,10,36.832,0.120,26.550,0.757,1.319,0.164,12.897,0.003,right,0.490,0.727,-0.247,0.120,9.465,0.757,left,1.854
Elongated,alphabeta solenoid,2z63,A,37,576,23,23,3.013,0.150,29.204,1.986,0.098,0.611,11.657,0.009,left,1.392,2.437,-0.005,0.150,9.258,1.986,left,4.865
Elongated,alphabeta solenoid,2z64,A,36,597,23,24,22.393,0.167,28.994,2.257,0.723,1.035,11.623,0.009,left,2.199,2.896,0.043,0.167,9.008,2.257,right,5.529
Elongated,alphabeta solenoid,2z7x,A,34,575,23,23,32.888,0.076,27.723,1.078,1.115,0.821,12.201,0.003,left,1.344,2.123,0.199,0.076,10.079,1.078,right,2.640
Elongated,alphabeta solenoid,2z7x,B,27,520,23,21,31.359,0.068,27.627,0.930,1.054,0.630,12.100,0.008,left,1.783,2.991,0.148,0.068,10.705,0.930,right,2.278
Elongated,alphabeta solenoid,2z80,A,29,333,24,12,8.242,0.442,27.103,2.667,0.310,0.205,13.532,0.006,right,0.458,0.904,0.686,0.442,7.708,2.667,right,6.533
Elongated,alphabeta solenoid,2z80,B,29,333,24,12,7.743,0.467,27.919,2.916,0.283,0.190,13.174,0.004,right,0.397,0.894,0.863,0.467,7.570,2.916,right,7.142
Elongated,alphabeta solenoid,2z81,A,34,555,23,22,29.713,0.074,28.062,1.022,0.995,0.616,12.054,0.165,left,1.699,2.434,0.168,0.074,10.335,1.022,right,2.504
Elongated,alphabeta solenoid,2z82,A,34,555,23,22,28.111,0.073,28.138,1.026,0.940,0.648,12.042,0.079,left,1.749,2.489,0.168,0.073,10.362,1.026,right,2.512
Elongated,alphabeta solenoid,3a79,A,35,554,23,22,38.101,0.066,27.475,0.908,1.287,0.362,12.163,0.066,left,1.122,2.058,0.165,0.066,10.151,0.908,right,2.224
Elongated,alphabeta solenoid,3a79,B,35,529,23,21,47.037,0.087,27.723,1.175,1.527,0.493,11.690,0.005,left,2.087,3.114,0.125,0.087,10.783,1.175,right,2.877
Elongated,alphabeta solenoid,3a7b,A,34,555,23,22,40.333,0.069,26.913,0.977,1.395,0.634,12.453,0.013,left,1.600,2.301,0.204,0.069,10.176,0.977,right,2.394
Elongated,alphabeta solenoid,3a7c,A,34,555,23,22,28.327,0.072,28.148,1.001,0.946,0.619,12.019,0.079,left,1.610,2.382,0.174,0.072,10.264,1.001,right,2.451
Elongated,alphabeta solenoid,3bz5,A,97,411,20,15,76.078,0.070,22.081,0.662,2.726,0.095,12.898,0.001,right,0.209,0.406,-0.037,0.070,9.111,0.662,left,1.622
Elongated,alphabeta solenoid,3cig,A,34,666,24,26,7.904,0.313,32.912,3.174,0.235,0.869,10.684,0.129,right,1.708,2.805,0.401,0.313,8.551,3.174,right,7.774
Elongated,alphabeta solenoid,3ciy,A,31,666,24,26,10.131,0.165,32.348,2.273,0.308,0.532,10.931,0.007,right,1.678,2.210,0.646,0.165,9.763,2.273,right,5.568
Elongated,alphabeta solenoid,3ciy,B,31,667,24,26,7.097,0.114,32.679,1.526,0.210,0.723,10.634,0.037,right,1.621,2.343,0.130,0.114,10.200,1.526,right,3.738
Elongated,alphabeta solenoid,3fxi,A,40,624,23,25,3.123,0.194,31.063,2.630,0.094,1.020,10.787,0.019,right,2.030,3.236,-0.284,0.194,9.589,2.630,left,6.049
Elongated,alphabeta solenoid,3g04,C,36,249,22,9,24.087,0.088,1.651,2.994,4.891,0.666,73.099,0.019,left,1.621,2.367,0.745,0.088,9.679,2.994,right,7.333
Elongated,alphabeta solenoid,3kj4,D,40,281,23,10,85.653,0.098,28.586,0.542,2.514,0.150,10.566,0.002,right,0.481,0.771,0.012,0.098,10.191,0.542,right,1.327
Elongated,alphabeta solenoid,3o6n,A,180,502,22,14,94.744,0.093,27.456,0.850,2.863,0.193,10.880,0.008,right,0.507,0.839,-0.091,0.093,11.435,0.850,left,2.083
Elongated,alphabeta solenoid,3rg1,A,36,617,23,25,3.752,0.047,28.566,0.735,0.128,1.004,12.273,0.016,left,1.208,2.068,-0.019,0.047,9.922,0.735,left,1.800
Elongated,alphabeta solenoid,3rg1,B,36,598,23,24,1.176,0.055,28.712,0.806,0.040,1.418,12.205,0.002,left,1.230,2.067,-0.022,0.055,9.720,0.806,left,1.973
Elongated,alphabeta solenoid,3rg1,E,36,598,23,24,7.613,0.049,28.697,0.729,0.259,0.997,12.241,0.002,left,1.324,2.060,0.005,0.049,9.889,0.729,right,1.785
Elongated,alphabeta solenoid,3rg1,F,36,598,23,24,0.833,0.055,28.745,0.815,0.028,0.599,12.250,0.005,left,1.247,2.061,-0.021,0.055,9.756,0.815,left,1.997
Elongated,alphabeta solenoid,3rg1,I,33,369,23,14,34.400,0.143,26.385,1.466,1.268,0.276,13.270,0.001,left,0.908,1.472,-0.014,0.143,10.901,1.466,left,3.591
Elongated,alphabeta solenoid,3rg1,J,36,598,23,24,0.142,0.056,28.734,0.818,0.005,0.613,12.229,0.002,right,1.233,2.087,-0.025,0.056,9.737,0.818,left,2.003
Elongated,alphabeta solenoid,3rg1,M,39,617,23,25,0.260,0.202,28.713,2.724,0.009,0.644,12.188,0.013,right,1.344,2.530,-0.168,0.202,8.723,2.724,left,6.533
Elongated,alphabeta solenoid,3riz,A,29,743,22,32,28.157,0.259,21.478,4.897,1.844,2.429,23.582,0.076,right,5.912,10.540,0.245,0.259,8.759,4.897,right,11.994
Elongated,alphabeta solenoid,3tsr,E,1,449,27,16,25.049,0.060,23.193,0.887,1.161,0.131,16.692,0.015,right,0.533,0.738,-0.106,0.060,11.041,0.887,left,2.173
Elongated,alphabeta solenoid,3tsr,F,1,449,27,16,21.807,0.063,23.585,0.908,0.999,0.228,16.499,0.002,right,0.576,0.753,-0.092,0.063,11.043,0.908,left,2.225
Elongated,alphabeta solenoid,3tsr,G,1,449,27,16,22.570,0.071,23.472,1.068,1.038,0.201,16.563,0.010,right,0.567,0.769,-0.127,0.071,11.565,1.068,left,2.616
Elongated,alphabeta solenoid,3tsr,H,1,449,27,16,23.297,0.074,23.368,1.101,1.073,0.179,16.578,0.001,right,0.501,0.678,-0.114,0.074,11.430,1.101,left,2.698
Elongated,alphabeta solenoid,3twi,D,32,153,23,5,33.193,0.078,2.510,1.167,6.294,0.093,68.268,0.004,right,0.300,0.370,-0.431,0.078,9.054,1.167,left,2.858
Elongated,alphabeta solenoid,3twi,E,32,153,23,5,33.145,0.077,2.472,1.151,6.270,0.081,68.099,0.005,right,0.304,0.385,-0.429,0.077,9.110,1.151,left,2.819
Elongated,alphabeta solenoid,3ul9,A,37,282,23,10,45.253,0.040,26.659,0.256,1.589,0.180,12.642,0.047,right,0.513,0.766,-0.152,0.040,9.731,0.256,left,0.628
Elongated,alphabeta solenoid,3ulu,A,37,667,24,26,4.494,0.182,32.824,2.624,0.131,0.783,10.533,0.005,right,2.086,3.211,-0.268,0.182,10.284,2.624,left,5.759
Elongated,alphabeta solenoid,3ulv,A,31,667,24,26,1.603,0.105,32.916,1.604,0.047,0.779,10.508,0.109,right,1.670,2.440,0.037,0.105,10.942,1.604,right,3.928
Elongated,alphabeta solenoid,3vq1,B,34,597,23,24,12.140,0.069,29.254,0.959,0.388,0.710,11.509,0.011,left,2.115,2.913,0.031,0.069,9.755,0.959,right,2.348
Elongated,alphabeta solenoid,3vq2,A,35,596,23,24,16.949,0.066,29.438,0.923,0.537,2.505,11.407,0.005,left,2.082,2.894,0.025,0.066,9.847,0.923,right,2.260
Elongated,alphabeta solenoid,3vq2,B,35,597,23,24,13.063,0.065,29.225,0.932,0.419,0.340,11.559,0.021,left,2.051,2.905,0.024,0.065,9.906,0.932,right,2.283
Elongated,alphabeta solenoid,3zyi,A,58,319,22,11,44.096,0.069,27.360,0.469,1.440,0.195,11.758,0.006,left,0.501,0.584,0.371,0.069,9.576,0.469,right,1.148
Elongated,alphabeta solenoid,3zyj,A,59,320,22,11,25.275,0.081,30.015,0.508,0.773,0.066,10.995,0.000,left,0.584,0.680,0.285,0.081,9.615,0.508,right,1.245
Elongated,alphabeta solenoid,3zyj,C,59,321,22,11,14.740,0.076,30.404,0.481,0.446,0.000,10.888,0.000,left,0.592,0.676,0.226,0.076,9.671,0.481,right,1.179
Elongated,alphabeta solenoid,3zyn,A,74,361,23,12,21.771,0.396,30.412,2.300,0.708,0.237,11.715,0.006,right,0.756,1.054,-0.642,0.396,8.597,2.300,left,5.156
Elongated,alphabeta solenoid,3zyn,B,74,331,22,11,62.293,0.703,27.801,3.590,1.895,0.000,10.946,0.000,left,0.724,0.908,-0.418,0.703,8.012,3.590,left,6.572
Elongated,alphabeta solenoid,3zyo,A,71,334,23,11,20.891,0.139,30.828,0.625,0.656,0.195,11.305,0.039,right,0.680,1.022,0.097,0.139,7.052,0.625,right,1.531
Elongated,alphabeta solenoid,4aw4,A,79,254,21,8,11.270,0.136,28.350,0.710,0.372,0.030,11.898,0.000,right,0.102,0.169,0.245,0.136,10.242,0.710,right,1.738
Elongated,alphabeta solenoid,4aw4,B,80,255,21,8,1.029,0.164,28.592,0.797,0.034,0.085,11.904,0.002,left,0.025,0.117,0.252,0.164,10.087,0.797,right,1.953
Elongated,alphabeta solenoid,4aw4,C,80,255,21,8,4.101,0.167,29.081,0.795,0.133,0.032,11.684,0.001,left,0.020,0.119,0.260,0.167,10.098,0.795,right,1.947
Elongated,alphabeta solenoid,4ay9,Y,28,265,22,10,114.173,0.327,15.355,1.992,4.090,0.307,12.895,0.008,left,1.739,2.370,0.825,0.327,9.348,1.992,right,4.880
Elongated,alphabeta solenoid,4ay9,Z,29,265,22,10,47.037,0.055,1.243,1.194,4.756,0.000,36.397,0.000,left,2.455,3.384,0.848,0.055,11.957,1.194,right,2.924
Elongated,alphabeta solenoid,4bsr,A,47,468,22,19,81.902,0.070,33.983,0.724,2.090,0.243,9.186,0.029,right,0.994,1.250,0.050,0.070,11.279,0.724,right,1.774
Elongated,alphabeta solenoid,4bsr,B,48,468,22,19,95.504,0.071,32.508,0.715,2.483,0.350,9.359,0.004,right,1.113,1.338,-0.032,0.071,11.083,0.715,left,1.752
Elongated,alphabeta solenoid,4bss,A,48,469,22,19,91.242,0.061,31.562,0.561,2.440,0.291,9.628,0.033,right,0.962,1.162,-0.026,0.061,9.691,0.561,left,1.373
Elongated,alphabeta solenoid,4bss,B,48,468,22,19,90.075,0.047,31.999,0.486,2.386,0.311,9.537,0.002,right,0.947,1.177,-0.049,0.047,11.142,0.486,left,1.190
Elongated,alphabeta solenoid,4bss,E,52,468,22,18,32.489,0.489,40.638,3.388,0.716,0.439,7.943,0.002,right,1.189,1.838,-0.352,0.489,8.976,3.388,left,6.485
Elongated,alphabeta solenoid,4bss,F,48,483,21,20,88.113,0.068,33.260,0.647,2.155,0.557,8.805,0.001,right,1.298,2.191,0.060,0.068,9.912,0.647,right,1.584
Elongated,alphabeta solenoid,4bst,A,48,468,22,19,91.954,0.048,33.799,0.476,2.317,0.319,9.072,0.010,right,1.036,1.241,-0.026,0.048,11.215,0.476,left,1.166
Elongated,alphabeta solenoid,4bsu,A,47,469,22,19,98.267,0.169,32.148,1.407,2.529,0.336,9.265,0.004,right,1.058,1.282,-0.114,0.169,9.299,1.407,left,3.445
Elongated,alphabeta solenoid,4bsu,B,47,484,22,19,94.810,0.057,32.402,0.620,2.453,0.357,9.314,0.004,right,1.093,1.307,-0.035,0.057,11.293,0.620,left,1.520
Elongated,alphabeta solenoid,4bsu,E,47,483,22,19,97.929,0.170,34.548,1.417,2.379,0.330,8.750,0.002,right,1.111,1.298,-0.049,0.170,9.416,1.417,left,3.472
Elongated,alphabeta solenoid,4bsu,F,47,469,22,19,104.233,0.081,32.405,0.725,2.642,0.333,9.125,0.001,right,1.081,1.273,-0.024,0.081,9.838,0.725,left,1.776
Elongated,alphabeta solenoid,4bv4,R,74,446,23,16,19.205,0.096,34.337,0.760,0.536,0.404,10.053,0.001,right,1.058,1.684,0.033,0.096,10.208,0.760,right,1.861
Elongated,alphabeta solenoid,4ezg,A,75,212,22,6,933.925,18.893,951.292,1.133,0.910,0.297,0.351,0.001,left,0.502,1.837,6.283,18.893,6.816,1.133,right,2.755
Elongated,alphabeta solenoid,4ezg,B,75,212,22,6,63.564,0.191,23.181,0.551,2.487,0.097,14.086,0.000,left,0.381,0.427,0.870,0.191,6.658,0.551,right,1.349
Elongated,alphabeta solenoid,4fd0,A,150,383,22,10,27.971,0.289,104.010,0.498,0.280,0.337,3.607,0.018,left,0.681,1.580,0.989,0.289,10.042,0.498,right,1.221
Elongated,alphabeta solenoid,4fdw,A,147,404,22,11,645.181,1.415,142.683,1.341,3.042,0.464,1.697,0.002,right,0.825,2.582,1.230,1.415,10.127,1.341,right,3.284
Elongated,alphabeta solenoid,4fho,A,41,255,20,10,134.527,1.446,73.143,2.020,1.489,20.936,3.985,0.013,right,1.381,2.944,1.464,1.446,7.467,2.020,right,4.948
Elongated,alphabeta solenoid,4fho,B,80,255,21,8,67.673,0.047,23.044,0.243,2.519,0.048,13.401,0.002,right,0.111,0.224,-0.027,0.047,9.239,0.243,left,0.595
Elongated,alphabeta solenoid,4fmz,A,80,369,21,13,70.856,0.146,23.213,1.111,2.592,0.108,13.171,0.010,right,0.271,0.415,0.655,0.146,8.080,1.111,right,2.722
Elongated,alphabeta solenoid,4fs7,A,90,408,21,14,51.720,0.622,49.490,1.908,0.882,0.153,6.136,0.000,left,0.620,0.785,1.547,0.622,7.121,1.908,right,4.674
Elongated,alphabeta solenoid,4kng,A,32,464,23,18,80.723,0.079,32.250,0.649,2.228,0.569,9.938,0.153,right,1.837,2.183,-0.029,0.079,8.785,0.649,left,1.589
Elongated,alphabeta solenoid,4kng,B,32,465,23,18,91.940,0.081,31.430,0.662,2.538,0.360,9.939,0.036,right,1.862,2.199,-0.055,0.081,8.767,0.662,left,1.621
Elongated,alphabeta solenoid,4l3f,A,55,219,22,7,96.571,0.917,3.631,3.840,6.439,0.266,24.001,0.000,left,1.116,1.741,-0.525,0.917,6.627,3.840,left,8.281
Elongated,alphabeta solenoid,4l3f,C,82,219,22,6,689.996,3.714,807.983,0.469,0.795,0.265,0.415,0.006,left,0.422,1.639,-1.956,3.714,11.391,0.469,left,1.148
Elongated,alphabeta solenoid,4l3f,D,82,218,21,6,13.242,0.488,33.927,1.470,0.351,0.144,9.530,0.002,left,0.322,31.956,-0.512,0.488,9.691,1.470,left,3.600
Elongated,alphabeta solenoid,4m7e,A,74,270,23,8,0.376,0.080,23.713,0.630,0.014,0.211,13.508,0.004,right,0.466,0.980,0.210,0.080,12.720,0.630,right,1.544
Elongated,alphabeta solenoid,4r58,A,44,219,21,8,76.357,0.034,21.191,0.210,2.927,0.016,13.800,0.001,right,0.072,0.077,-0.048,0.034,10.663,0.210,left,0.514
Elongated,alphabeta solenoid,4r58,B,44,219,21,8,77.863,0.033,20.778,0.212,3.020,0.019,13.965,0.000,right,0.084,0.087,-0.076,0.033,10.667,0.212,left,0.519
Elongated,alphabeta solenoid,4r58,C,44,219,21,8,78.781,0.033,20.181,0.213,3.113,0.023,14.227,0.000,right,0.088,0.093,-0.093,0.033,10.675,0.213,left,0.523
Elongated,alphabeta solenoid,4r58,D,44,219,21,8,83.503,0.037,18.031,0.252,3.524,0.024,15.192,0.001,right,0.084,0.100,-0.154,0.037,10.800,0.252,left,0.616
Elongated,alphabeta solenoid,4r5c,A,44,294,21,11,78.890,0.083,23.754,0.599,2.610,0.227,11.910,0.003,right,0.567,0.862,-0.205,0.083,10.372,0.599,left,1.468
Elongated,alphabeta solenoid,4r5d,A,44,430,24,16,42.122,0.077,27.858,0.685,1.452,0.314,12.406,0.002,right,1.130,1.346,0.065,0.077,9.593,0.685,right,1.678
Elongated,alphabeta solenoid,4rcw,A,379,550,23,7,97.101,0.059,13.616,0.392,4.779,0.080,17.716,0.003,right,0.340,0.434,-0.524,0.059,10.044,0.392,left,0.959
Elongated,alphabeta solenoid,4tzh,A,45,209,22,7,92.772,0.164,20.673,0.776,3.416,0.048,13.255,0.000,right,0.212,0.258,-0.178,0.164,10.191,0.776,left,1.901
Elongated,alphabeta solenoid,4tzh,B,46,209,22,7,71.461,0.137,27.458,0.514,2.259,0.068,11.379,0.001,right,0.216,0.323,-0.122,0.137,9.562,0.514,left,1.259
Elongated,alphabeta solenoid,4u06,A,48,369,22,14,36.064,0.164,30.985,1.259,1.063,0.093,10.616,0.004,right,0.265,0.384,0.036,0.164,9.336,1.259,right,3.084
Elongated,alphabeta solenoid,4u08,A,37,425,21,18,92.413,0.170,24.295,1.641,2.992,0.168,11.656,0.003,right,0.603,0.731,-0.472,0.170,9.529,1.641,left,3.813
Elongated,alphabeta solenoid,4u08,B,51,418,22,16,53.504,0.181,30.982,1.596,1.529,0.080,10.289,0.001,right,0.195,0.361,0.067,0.181,10.169,1.596,right,3.908
Elongated,alphabeta solenoid,4u09,A,44,417,22,16,45.623,0.158,28.216,1.225,1.494,0.085,11.786,0.000,right,0.282,0.391,0.383,0.158,8.128,1.225,right,3.001
Elongated,alphabeta solenoid,4u09,B,28,413,21,18,70.326,0.191,22.013,2.072,2.746,0.228,14.055,0.001,right,0.735,0.846,-0.341,0.191,8.286,2.072,left,4.582
Elongated,alphabeta solenoid,4u7l,A,32,422,23,17,67.463,0.037,34.724,0.277,1.760,0.199,9.392,0.003,right,0.636,0.775,-0.157,0.037,9.655,0.277,left,0.679
Elongated,alphabeta solenoid,4ufr,A,48,468,22,19,91.085,0.066,29.863,0.710,2.536,0.246,10.022,0.003,right,0.836,1.036,-0.051,0.066,11.040,0.710,left,1.738
Elongated,alphabeta solenoid,4ufr,C,48,468,22,19,84.457,0.040,30.824,0.429,2.325,0.269,9.911,0.007,right,0.794,0.997,-0.084,0.040,11.200,0.429,left,1.052
Elongated,alphabeta solenoid,4ufs,A,48,468,22,19,103.369,0.046,30.736,0.483,2.757,0.326,9.600,0.006,right,1.021,1.242,-0.109,0.046,11.113,0.483,left,1.183
Elongated,alphabeta solenoid,4v2c,A,45,326,22,12,18.702,0.163,35.320,1.012,0.472,0.182,9.112,0.001,right,0.763,0.981,-0.048,0.163,10.425,1.012,left,2.480
Elongated,alphabeta solenoid,4v2c,C,45,326,22,12,69.703,0.152,31.299,1.003,1.885,0.213,9.737,0.000,right,0.785,0.944,-0.272,0.152,10.370,1.003,left,2.458
Elongated,alphabeta solenoid,4v2d,A,45,326,22,12,29.512,4.451,355.886,2.499,0.065,0.973,0.794,0.001,right,0.644,4.507,3.938,4.451,10.839,2.499,right,6.122
Elongated,alphabeta solenoid,4v2e,A,39,321,22,12,55.101,0.154,31.453,1.108,1.554,0.202,10.155,0.005,right,0.757,0.956,-0.190,0.154,10.680,1.108,left,2.713
Elongated,alphabeta solenoid,4v2e,B,40,321,22,12,39.186,0.161,33.187,1.091,1.064,0.228,9.779,0.001,right,0.816,1.008,-0.116,0.161,10.707,1.091,left,2.673
Elongated,alphabeta solenoid,4xa9,A,14,239,29,5,8.763,0.077,22.963,0.539,0.774,0.076,31.794,0.001,right,0.332,0.335,-0.144,0.077,7.953,0.539,left,1.321
Elongated,alphabeta solenoid,4xa9,B,17,232,23,9,28.136,0.162,22.763,1.321,1.226,0.066,15.691,0.001,left,0.212,0.393,0.005,0.162,10.669,1.321,right,3.236
Elongated,alphabeta solenoid,4xa9,D,17,232,23,9,38.105,0.144,22.381,1.250,1.651,0.072,15.599,0.001,left,0.247,0.414,0.020,0.144,11.293,1.250,right,3.063
Elongated,alphabeta solenoid,4xa9,E,17,232,23,9,35.670,0.165,22.416,1.337,1.550,0.072,15.642,0.001,left,0.255,0.419,0.020,0.165,10.660,1.337,right,3.274
Elongated,alphabeta solenoid,4xa9,G,14,232,23,9,28.233,0.135,21.969,0.980,1.258,0.088,16.047,0.000,left,0.265,0.551,-0.005,0.135,8.820,0.980,left,2.401
Elongated,alphabeta solenoid,4xa9,H,14,239,29,5,9.181,0.078,22.776,0.553,0.819,0.079,32.107,0.001,right,0.331,0.336,-0.135,0.078,8.003,0.553,left,1.355
Elongated,alphabeta solenoid,4xgo,A,45,338,21,14,74.120,0.086,32.967,0.514,1.889,0.267,9.176,0.101,right,0.927,1.429,0.021,0.086,9.234,0.514,right,1.258
Elongated,alphabeta solenoid,4xgo,B,47,343,21,14,42.735,0.394,33.969,2.056,1.125,0.433,9.474,0.036,right,0.681,1.686,1.188,0.394,8.212,2.056,right,5.036
Elongated,alphabeta solenoid,4xos,A,21,142,23,5,42.453,0.129,3.677,0.939,5.608,0.000,47.556,0.000,left,0.099,0.188,0.393,0.129,9.861,0.939,right,2.301
Elongated,alphabeta solenoid,4xos,B,21,142,23,5,41.841,0.134,3.597,1.000,5.622,0.040,48.368,0.007,left,0.099,0.164,0.361,0.134,9.982,1.000,right,2.450
Elongated,alphabeta solenoid,4yeb,B,44,328,22,12,114.154,1.034,86.569,1.892,1.069,0.518,3.370,0.000,left,3.345,4.024,-0.298,1.034,8.982,1.892,left,4.593
Elongated,alphabeta solenoid,4z0c,A,86,751,23,28,1.502,0.122,28.756,1.906,0.049,0.000,11.684,0.005,left,2.206,2.532,-0.195,0.122,9.135,1.906,left,4.415
Elongated,alphabeta solenoid,4z0c,D,86,751,23,28,1.003,0.131,28.751,2.033,0.033,0.872,11.686,0.012,left,2.236,2.561,-0.197,0.131,9.072,2.033,left,4.656
Elongated,alphabeta solenoid,4z61,C,74,192,22,5,50.799,0.092,28.469,0.278,1.470,0.013,10.419,0.000,left,0.096,0.100,0.764,0.092,10.366,0.278,right,0.681
Elongated,alphabeta solenoid,4z61,D,74,192,22,5,34.530,0.080,28.747,0.245,1.013,0.024,10.563,0.005,right,0.110,0.128,0.512,0.080,10.286,0.245,right,0.600
Elongated,alphabeta solenoid,4z64,C,71,205,21,6,3.641,0.322,29.530,0.864,0.107,0.129,10.616,0.003,right,0.474,0.668,0.959,0.322,9.250,0.864,right,2.115
Elongated,alphabeta solenoid,4z79,A,315,451,26,5,49.248,0.510,3.926,3.078,6.762,0.033,49.428,0.003,right,0.132,0.140,-3.322,0.510,5.211,3.078,left,7.539
Elongated,alphabeta solenoid,5a5c,C,13,329,23,13,81.008,0.046,24.663,0.365,2.787,0.123,12.384,0.012,right,0.432,0.506,-0.131,0.046,9.698,0.365,left,0.895
Elongated,alphabeta solenoid,5a5c,D,13,329,23,13,82.062,0.046,24.565,0.363,2.826,0.085,12.399,0.001,right,0.426,0.499,-0.133,0.046,9.694,0.363,left,0.889
Elongated,alphabeta solenoid,5cmn,C,44,324,22,12,89.529,1.726,23.879,10.134,2.951,0.247,11.879,0.000,left,1.082,1.331,-0.319,1.726,7.607,10.134,left,7.550
Elongated,alphabeta solenoid,5cmn,D,44,324,22,12,56.392,13.899,1002.313,2.237,0.043,0.824,0.278,0.003,left,0.672,64.048,2.558,13.899,9.946,2.237,right,5.479
Elongated,alphabeta solenoid,5cmp,A,44,327,22,12,20.906,0.351,32.366,1.828,0.578,0.000,9.953,0.001,left,1.018,1.174,-0.342,0.351,8.289,1.828,left,4.150
Elongated,alphabeta solenoid,5cmp,B,44,324,22,12,39.785,0.384,31.260,2.005,1.120,0.110,10.138,0.000,left,1.022,1.170,-0.292,0.384,8.135,2.005,left,4.445
Elongated,alphabeta solenoid,5cmp,C,44,327,22,12,366.761,6.310,506.826,1.778,0.559,0.928,0.549,0.036,right,3.730,4.672,-0.936,6.310,8.656,1.778,left,4.356
Elongated,alphabeta solenoid,5cmp,D,44,327,22,12,19.943,0.318,33.020,7.343,0.541,0.228,9.798,0.003,left,1.006,50.417,0.092,0.318,14.194,7.343,right,17.981
Elongated,alphabeta solenoid,5ijb,A,36,598,23,24,11.395,0.074,29.247,1.068,0.367,0.645,11.598,0.019,left,2.200,3.005,-0.024,0.074,9.799,1.068,left,2.617
Elongated,alphabeta solenoid,5ijb,B,36,598,23,24,18.310,0.065,28.858,0.944,0.597,0.841,11.743,0.003,left,1.964,2.846,0.001,0.065,9.978,0.944,right,2.312
Elongated,alphabeta solenoid,5ijc,A,36,597,23,24,9.145,0.111,29.850,1.008,0.289,0.576,11.367,0.001,left,2.310,3.286,0.010,0.111,6.490,1.008,right,2.470
Elongated,alphabeta solenoid,5ijc,B,36,598,23,24,12.569,0.077,29.608,1.082,0.401,0.916,11.482,0.008,left,2.117,2.923,-0.023,0.077,9.653,1.082,left,2.650
Elongated,alphabeta solenoid,5ijd,A,36,598,23,24,12.004,0.068,29.580,0.954,0.383,0.474,11.474,0.000,left,2.059,2.844,-0.018,0.068,9.779,0.954,left,2.337
Elongated,alphabeta solenoid,5ijd,B,36,598,23,24,10.401,0.076,29.444,1.071,0.332,0.914,11.507,0.010,left,2.072,2.898,-0.022,0.076,9.643,1.071,left,2.622
Elongated,alphabeta solenoid,5il7,B,41,435,22,17,61.451,0.019,23.967,0.213,2.401,0.169,14.065,0.002,right,0.332,0.673,-0.059,0.019,9.563,0.213,left,0.522
Elongated,alphabeta solenoid,5ixq,A,67,571,23,21,79.066,0.069,19.317,0.660,3.236,0.234,14.733,0.015,right,0.711,1.024,-0.117,0.069,5.836,0.660,left,1.592
Elongated,alphabeta solenoid,5ixt,A,67,571,23,21,79.449,0.070,19.358,0.668,3.248,0.242,14.718,0.016,right,0.735,1.058,-0.118,0.070,5.852,0.668,left,1.611
Elongated,alphabeta solenoid,5iyx,A,67,616,22,25,87.809,0.072,18.922,1.137,3.325,0.561,13.631,0.040,right,1.096,2.796,-0.096,0.072,9.402,1.137,left,2.786
Elongated,alphabeta solenoid,5iyx,C,71,189,22,5,4.148,0.109,31.158,0.309,0.114,0.018,9.920,0.000,left,0.104,0.120,0.554,0.109,10.252,0.309,right,0.756
Elongated,alphabeta solenoid,6jbu,B,29,321,23,12,16.481,0.068,30.555,0.502,0.521,0.199,11.362,0.000,right,0.680,1.040,0.125,0.068,10.281,0.502,right,1.230
