Type,Description,PDB ID,Chain,First Residue,Last Residue,Repeat Residues,Centroid Number,Pitch (Å),Pitch Uncertainty (Å),Radius (Å),Radius Uncertainty (Å),Rise (Å),Rise Uncertainty (Å),Twist (degrees),Twist Uncertainty (degrees),Handedness,Cylinder RMSD,Helix RMSD,Omega,Omega Uncertainty,Alpha (Å),Alpha Uncertainty (Å),Superhelix Handedness,Superhelix RMSD
Elongated,beta solenoid,1ezg,A,8,79,11,6,69.828,0.595,62.164,0.428,0.791,0.041,4.079,0.001,right,0.120,0.240,-1.200,0.595,5.916,0.428,left,1.049
Elongated,beta solenoid,1g95,A,253,434,17,10,127.701,0.187,32.663,0.663,2.342,0.000,6.600,0.000,right,1.835,4.245,-0.423,0.187,8.812,0.663,left,1.625
Elongated,beta solenoid,1g97,A,253,434,17,10,346.942,2.664,228.648,1.914,1.133,0.142,1.176,0.018,left,0.607,50.482,4.725,2.664,14.182,1.914,right,4.688
Elongated,beta solenoid,1g9u,A,74,378,19,16,36.422,0.068,26.445,0.578,1.191,0.163,11.777,0.001,right,0.479,0.835,0.164,0.068,8.782,0.578,right,1.415
Elongated,beta solenoid,1hm0,A,250,433,17,10,509.024,3.582,696.351,0.711,0.534,0.466,0.378,0.077,right,1.119,2.364,3.173,3.582,9.932,0.711,right,1.742
Elongated,beta solenoid,1hm0,B,252,418,17,9,169.543,0.320,11.469,1.081,4.197,40.044,8.912,0.067,right,1.161,1.627,-0.886,0.320,6.976,1.081,left,2.648
Elongated,beta solenoid,1hm8,A,252,435,17,10,1879.626,1.874,230.180,0.465,3.939,0.224,0.754,0.560,right,0.424,1.127,-5.146,1.874,6.877,0.465,left,1.140
Elongated,beta solenoid,1hm8,B,252,433,17,10,1174.897,0.761,275.865,0.225,2.716,0.148,0.832,0.000,right,0.594,0.745,1.531,0.761,7.234,0.225,right,0.552
Elongated,beta solenoid,1hm9,B,272,433,17,9,1220.028,1.184,747.205,0.136,1.180,0.000,0.348,0.000,right,0.219,0.766,6.283,1.184,7.141,0.136,right,0.333
Elongated,beta solenoid,1hv9,B,253,435,17,10,656.199,1.483,578.752,0.242,0.846,0.000,0.464,0.000,left,0.249,0.701,1.471,1.483,6.877,0.242,right,0.593
Elongated,beta solenoid,1k28,A,433,574,22,5,525.141,1.044,185.155,1.426,5.416,0.019,3.713,0.001,left,0.092,0.097,0.488,1.044,11.580,1.426,right,3.494
Elongated,beta solenoid,1k4z,A,1376,1493,18,6,2.045,0.377,25.691,1.495,0.061,0.233,10.322,0.013,right,0.414,0.966,-1.173,0.377,11.584,1.495,left,3.663
Elongated,beta solenoid,1k8f,B,344,444,19,5,15.032,0.071,-0.301,2.106,4.677,0.088,112.009,0.001,left,0.850,0.721,0.451,0.071,10.874,2.106,right,5.139
Elongated,beta solenoid,1kq5,A,1376,1498,19,6,174.506,19.738,899.968,1.940,0.143,0.163,0.295,0.004,left,0.388,1.053,-6.283,19.738,10.821,1.940,left,4.580
Elongated,beta solenoid,1kq5,B,2376,2493,18,6,33.557,0.000,-1.791,0.000,4.526,0.171,48.550,0.003,right,3.738,1.013,-3.497,0.000,0.000,0.000,left,11.162
Elongated,beta solenoid,1m8n,A,8,121,15,7,152.335,0.129,-5.991,0.478,5.306,0.684,12.538,0.011,left,12.470,4.513,1.254,0.129,9.309,0.478,right,1.172
Elongated,beta solenoid,1m8n,B,8,121,15,7,44.654,0.046,0.505,0.550,4.606,0.598,37.137,0.095,left,1.683,2.694,0.723,0.046,8.324,0.550,right,1.346
Elongated,beta solenoid,1m8n,C,8,121,15,7,26.353,4.575,665.094,0.602,0.029,0.153,0.401,0.001,left,0.597,0.936,-1.348,4.575,9.008,0.602,left,1.475
Elongated,beta solenoid,1m8n,D,8,121,15,7,1852.438,4.224,761.731,0.465,1.638,0.177,0.318,0.020,left,0.221,1.041,0.975,4.224,9.347,0.465,right,1.138
Elongated,beta solenoid,1n4i,A,10,89,15,5,20.982,0.117,1.581,1.669,5.042,0.289,86.506,0.046,left,0.950,1.008,0.460,0.117,4.960,1.669,right,4.089
Elongated,beta solenoid,1p9h,A,72,200,13,9,118.043,3.108,64.117,1.942,1.402,0.418,4.273,0.001,left,1.368,2.353,3.036,3.108,4.796,1.942,right,4.757
Elongated,beta solenoid,1v3w,A,1,120,19,6,275.587,1.640,92.300,0.831,2.292,0.058,2.994,0.001,left,0.231,0.378,-0.825,1.640,6.780,0.831,left,2.035
Elongated,beta solenoid,1v67,A,1,120,19,6,332.363,2.739,137.948,0.946,1.936,0.057,2.097,0.000,right,0.259,0.385,-2.374,2.739,6.664,0.946,left,2.317
Elongated,beta solenoid,1z2f,A,3,110,14,7,1225.674,8.058,763.011,0.708,1.068,0.205,0.314,0.094,left,0.394,1.256,-6.283,8.058,7.088,0.708,left,1.705
Elongated,beta solenoid,2b0r,A,49,167,18,6,14.985,0.625,23.185,2.423,0.468,0.194,11.233,0.019,right,0.579,1.130,-1.164,0.625,10.050,2.423,left,5.935
Elongated,beta solenoid,2bm4,A,2,162,19,8,315.129,0.619,128.185,0.442,1.733,0.093,1.980,0.000,right,0.259,0.523,0.225,0.619,8.766,0.442,right,1.083
Elongated,beta solenoid,2bm4,B,3,162,19,8,2061.924,2.566,264.486,0.597,3.871,0.157,0.676,0.000,right,0.155,0.933,-1.960,2.566,8.621,0.597,left,1.463
Elongated,beta solenoid,2bm5,B,2,162,19,8,377.740,0.861,185.346,0.441,1.475,0.087,1.406,0.001,right,0.336,0.495,0.253,0.861,8.795,0.441,right,1.081
Elongated,beta solenoid,2f3l,A,7,102,18,5,24.458,0.090,-0.806,1.051,4.213,0.479,62.012,0.113,left,2.149,1.954,0.256,0.090,9.445,1.051,right,2.574
Elongated,beta solenoid,2fko,A,1,130,17,7,14.390,0.215,0.252,3.280,4.353,0.344,108.899,0.010,left,1.467,1.948,2.810,0.215,3.421,3.280,right,8.035
Elongated,beta solenoid,2g0y,A,13,110,18,5,74.996,0.113,1.597,0.543,4.248,0.029,20.390,0.000,left,0.214,0.254,0.423,0.113,9.073,0.543,right,1.330
Elongated,beta solenoid,2j8k,A,16,171,18,8,129.475,0.299,18.769,0.794,3.543,0.000,9.852,0.000,left,0.329,0.496,0.537,0.299,7.899,0.794,right,1.945
Elongated,beta solenoid,2npo,A,75,182,17,6,58.947,0.133,1.364,0.969,4.516,0.000,27.578,0.000,left,0.292,0.593,0.656,0.133,7.624,0.969,right,2.374
Elongated,beta solenoid,2oi5,A,253,435,17,10,34.154,0.196,1.234,2.440,4.465,0.511,47.068,0.005,left,1.250,2.335,-0.143,0.196,3.512,2.440,left,5.978
Elongated,beta solenoid,2oi5,B,253,435,17,10,354.705,0.725,229.727,0.322,1.075,0.094,1.091,0.004,left,0.951,1.388,0.352,0.725,7.666,0.322,right,0.789
Elongated,beta solenoid,2oi6,A,253,435,17,10,28.362,0.065,0.686,1.366,4.566,0.761,57.962,0.011,left,1.221,2.061,0.840,0.065,6.557,1.366,right,3.346
Elongated,beta solenoid,2oi6,B,253,435,17,10,159.366,0.491,122.531,0.406,0.909,0.229,2.054,0.005,left,0.983,1.322,0.351,0.491,7.624,0.406,right,0.993
Elongated,beta solenoid,2oi7,A,253,435,17,10,25.501,0.818,0.489,2.975,4.482,0.349,63.277,0.009,left,1.208,2.022,3.113,0.818,0.688,2.975,right,7.288
Elongated,beta solenoid,2oi7,B,253,435,17,10,65.628,0.094,-2.525,0.884,4.369,0.230,23.967,0.008,left,5.343,1.699,0.837,0.094,7.563,0.884,right,2.165
Elongated,beta solenoid,2qkx,A,271,389,16,7,13.407,0.112,0.609,3.457,4.480,0.210,120.293,0.021,right,0.402,0.832,-0.090,0.112,5.653,3.457,left,8.468
Elongated,beta solenoid,2v0h,A,253,435,17,10,2241.482,28.294,263.995,5.366,4.007,0.220,0.644,0.002,left,0.177,31.967,6.283,28.294,23.668,5.366,right,13.100
Elongated,beta solenoid,2v0i,A,253,435,17,10,55.189,0.527,0.209,2.811,4.955,0.328,32.325,0.002,left,0.947,1.944,-0.676,0.527,2.159,2.811,left,6.886
Elongated,beta solenoid,2v0j,A,253,435,17,10,1785.467,34.452,230.251,5.519,3.870,0.282,0.780,0.001,left,0.289,33.608,6.283,34.452,23.328,5.519,right,13.477
Elongated,beta solenoid,2v0k,A,253,435,17,10,1730.448,0.867,237.681,0.235,3.745,0.154,0.779,0.000,left,0.390,0.998,1.726,0.867,7.061,0.235,right,0.575
Elongated,beta solenoid,2v0l,A,253,435,17,10,117.331,1.825,845.967,0.212,0.105,0.111,0.322,0.001,left,0.145,0.666,2.629,1.825,7.055,0.212,right,0.519
Elongated,beta solenoid,2vd4,A,253,435,17,10,34.593,0.272,11.335,4.207,1.015,0.000,10.562,0.000,left,5.837,15.445,0.096,0.272,13.149,4.207,right,10.305
Elongated,beta solenoid,2vhe,A,80,172,17,5,97.876,0.241,35.132,0.367,1.908,0.043,7.019,0.003,right,0.181,0.202,-0.092,0.241,10.231,0.367,left,0.899
Elongated,beta solenoid,2vhe,B,80,172,17,5,11.220,0.228,0.201,2.860,4.670,0.000,149.842,0.002,left,0.219,0.221,-0.732,0.228,2.682,2.860,left,7.005
Elongated,beta solenoid,2w0v,A,253,435,17,10,1130.490,9.262,116.076,4.892,4.196,0.180,1.336,0.001,left,0.363,29.097,6.283,9.262,23.164,4.892,right,11.932
Elongated,beta solenoid,2w0w,A,253,435,17,10,31.965,0.181,1.225,2.455,4.320,0.369,48.656,0.004,left,1.402,2.135,-0.069,0.181,3.511,2.455,left,6.014
Elongated,beta solenoid,2w7z,A,25,184,19,8,148.233,1.868,126.105,1.253,0.909,0.099,2.207,0.000,left,0.168,38.948,6.283,1.868,8.947,1.253,right,3.058
Elongated,beta solenoid,2yo0,A,1072,1283,13,16,76.524,0.792,5.917,16.570,7.954,0.560,37.419,0.001,left,4.737,10.324,-0.442,0.792,15.483,16.570,left,40.499
Elongated,beta solenoid,2yuh,A,17,111,18,5,20.101,3.888,334.270,0.859,0.056,0.373,1.006,0.000,left,0.308,2.545,-1.710,3.888,11.051,0.859,left,2.104
Elongated,beta solenoid,2z6b,A,425,571,23,6,8291.239,15.165,898.938,2.267,11.479,0.094,0.498,0.011,right,0.219,0.602,-6.283,15.165,9.980,2.267,left,5.185
Elongated,beta solenoid,3aqj,Q,37,110,13,5,20.382,0.173,5.256,2.559,8.854,0.437,156.388,0.008,left,1.899,2.241,-0.726,0.173,3.749,2.559,left,6.268
Elongated,beta solenoid,3bfp,A,80,187,17,6,93.242,0.509,45.354,0.644,1.514,0.070,5.847,0.011,left,0.271,0.360,-0.809,0.509,8.027,0.644,left,1.578
Elongated,beta solenoid,3bh7,B,44,139,18,5,14.643,0.343,0.867,3.701,4.740,0.278,116.541,0.008,right,0.808,0.824,0.481,0.343,4.436,3.701,right,9.064
Elongated,beta solenoid,3bss,A,82,190,17,6,88.572,0.147,29.225,0.339,2.085,0.035,8.474,0.000,left,0.292,0.379,0.592,0.147,10.684,0.339,right,0.832
Elongated,beta solenoid,3bsy,A,80,172,17,5,180.984,0.177,1.853,0.415,4.692,0.105,9.333,0.005,right,0.435,0.519,-0.558,0.177,10.329,0.415,left,1.016
Elongated,beta solenoid,3bsy,B,80,172,17,5,140.884,0.236,31.686,0.362,2.723,0.040,6.959,0.007,right,0.187,0.205,-0.211,0.236,10.260,0.362,left,0.886
Elongated,beta solenoid,3bsy,C,80,172,17,5,200.119,0.344,42.515,0.392,2.818,0.054,5.069,0.003,right,0.229,0.295,-0.195,0.344,10.220,0.392,left,0.961
Elongated,beta solenoid,3bxy,A,102,203,16,6,40.933,1.312,-1.254,5.147,4.839,0.078,42.563,0.007,left,2.592,0.660,6.283,1.312,2.844,5.147,right,9.651
Elongated,beta solenoid,3dj4,A,264,428,17,9,38.510,0.541,0.866,3.718,4.375,0.506,40.901,0.002,right,1.513,3.044,-2.293,0.541,2.923,3.718,left,9.108
Elongated,beta solenoid,3du1,X,16,230,20,10,29.037,0.625,0.282,3.406,4.383,0.907,54.336,0.005,left,0.931,2.034,4.566,0.625,1.015,3.406,right,8.342
Elongated,beta solenoid,3jqy,B,40,181,19,7,19.959,0.248,1.778,3.135,3.807,0.485,68.674,0.001,right,1.322,2.231,0.312,0.248,3.293,3.135,right,7.678
Elongated,beta solenoid,3jx8,A,25,263,18,12,23.159,0.502,3.657,4.644,3.735,357.789,58.067,20.630,left,2.226,8.843,-0.723,0.502,3.413,4.644,left,11.374
Elongated,beta solenoid,3jx8,C,25,263,18,12,21.691,0.000,2.865,0.000,3.842,1.380,63.758,0.050,left,2.384,8.213,0.545,0.000,0.000,0.000,right,10.395
Elongated,beta solenoid,3ljy,A,115,255,19,7,13.603,0.168,0.401,4.378,4.651,0.103,123.077,0.005,left,0.353,1.039,0.150,0.168,5.484,4.378,right,10.724
Elongated,beta solenoid,3lyc,B,122,258,18,7,13.762,1.004,55.767,1.169,0.177,0.133,4.638,0.000,left,0.416,0.651,4.059,1.004,6.935,1.169,right,2.864
Elongated,beta solenoid,3lyc,J,115,265,17,8,156.721,1.480,14.168,2.811,3.635,0.261,8.350,0.000,left,0.639,1.442,1.395,1.480,7.278,2.811,right,6.885
Elongated,beta solenoid,3lyc,L,112,266,18,8,15.643,0.217,0.973,3.108,3.992,0.174,91.867,0.002,left,0.610,2.196,1.869,0.217,4.481,3.108,right,7.614
Elongated,beta solenoid,3lyc,N,130,265,18,7,41.794,0.309,0.392,2.809,4.270,1.193,36.780,0.018,left,0.867,1.698,-0.687,0.309,4.963,2.809,left,6.880
Elongated,beta solenoid,3n90,A,81,205,19,6,29.970,0.827,31.596,2.016,0.788,0.138,9.470,0.006,right,0.572,0.623,-2.443,0.827,8.379,2.016,left,4.672
Elongated,beta solenoid,3ntn,C,159,277,13,9,26.758,0.192,-0.611,2.881,4.562,0.315,61.382,0.002,right,2.101,2.030,0.132,0.192,3.944,2.881,right,7.057
Elongated,beta solenoid,3twd,A,253,448,16,12,4.904,1.848,1135.900,0.182,0.003,0.791,0.220,0.002,left,1.148,56.466,-6.283,1.848,7.321,0.182,left,0.446
Elongated,beta solenoid,3twd,B,253,435,17,10,29.351,0.073,0.861,1.459,4.547,0.423,55.765,0.011,left,1.192,1.989,0.837,0.073,6.423,1.459,right,3.573
Elongated,beta solenoid,3ult,A,6,105,13,7,17.223,0.067,0.241,1.656,4.298,0.089,89.847,0.001,right,0.398,0.566,-0.745,0.067,7.354,1.656,left,4.057
Elongated,beta solenoid,4aa7,A,253,419,17,9,112.681,0.139,8.137,0.635,4.214,0.193,13.463,0.019,left,0.829,1.155,0.800,0.139,7.685,0.635,right,1.555
Elongated,beta solenoid,4aa7,B,253,435,17,10,36.846,0.245,1.336,2.693,4.496,0.330,43.926,0.030,left,1.536,2.396,-0.266,0.245,3.363,2.693,left,6.596
Elongated,beta solenoid,4ac3,A,252,433,17,10,37.910,0.366,1.827,2.916,4.450,0.693,42.254,0.001,right,2.903,3.790,1.156,0.366,3.203,2.916,right,7.142
Elongated,beta solenoid,4arn,D,127,248,23,5,60.306,0.150,7.781,1.414,5.029,0.150,30.021,0.002,right,0.295,0.662,-0.134,0.150,10.151,1.414,left,3.464
Elongated,beta solenoid,4dn7,A,152,354,28,7,24.907,0.089,0.778,1.801,5.002,0.564,72.296,0.015,right,0.616,1.315,-0.449,0.089,8.390,1.801,left,4.412
Elongated,beta solenoid,4dn7,B,127,354,27,8,27.089,4.031,156.124,2.092,0.122,0.163,1.624,0.001,right,0.620,0.991,6.283,4.031,7.810,2.092,right,5.054
Elongated,beta solenoid,4fce,A,253,435,17,10,27.960,0.221,-0.916,3.059,4.622,0.696,59.510,0.032,right,3.530,3.195,-0.072,0.221,2.680,3.059,left,7.493
Elongated,beta solenoid,4g3p,A,263,443,17,10,450.770,79.206,971.499,4.260,0.347,0.080,0.277,0.004,left,0.471,0.704,-6.283,79.206,7.367,4.260,left,7.622
Elongated,beta solenoid,4g3s,A,264,445,17,10,63.010,0.532,4.297,2.575,2.643,1472.012,15.058,3.287,right,1.624,6.364,0.360,0.532,4.177,2.575,right,6.306
Elongated,beta solenoid,4jiw,J,494,571,14,5,20.032,0.119,6.100,1.619,8.244,0.000,148.162,0.000,left,0.165,0.329,-0.153,0.119,4.398,1.619,left,3.965
Elongated,beta solenoid,4jiw,O,487,565,14,5,19.496,0.107,6.204,1.476,8.394,0.000,154.987,0.000,left,0.057,0.116,-0.075,0.107,4.365,1.476,left,3.615
Elongated,beta solenoid,4q1q,A,54,321,18,14,31.138,0.070,-0.229,2.118,4.629,0.162,53.518,0.000,left,1.358,2.221,0.858,0.070,8.191,2.118,right,5.187
Elongated,beta solenoid,4yei,B,20,227,28,7,16.869,0.063,1.797,1.995,7.156,0.088,152.714,0.002,right,0.340,0.509,0.294,0.063,5.752,1.995,right,4.888
Elongated,beta solenoid,4yei,C,20,227,28,7,16.821,0.065,1.814,2.037,7.147,0.108,152.959,0.009,right,0.353,0.574,0.295,0.065,5.675,2.037,right,4.991
Elongated,beta solenoid,4ygu,A,98,194,18,5,25.844,0.085,0.838,1.336,4.444,0.000,61.899,0.000,left,0.466,0.811,0.455,0.085,10.306,1.336,right,3.272
Elongated,beta solenoid,4ygu,B,98,194,18,5,16.472,0.207,0.606,4.587,4.497,0.135,98.272,0.000,left,0.525,0.548,-0.283,0.207,4.961,4.587,left,10.501
Elongated,beta solenoid,4ygu,D,98,194,18,5,24.089,0.180,1.875,1.682,4.188,0.603,62.587,0.015,right,0.723,1.560,-0.536,0.180,6.144,1.682,left,4.121
Elongated,beta solenoid,5b0t,A,60,207,20,7,32.262,0.654,36.156,1.582,0.861,0.178,9.609,0.015,right,0.438,0.853,1.491,0.654,8.232,1.582,right,3.875
